,BenchID,Latitude,Longitude
0,7,40.71114,-73.949278
1,0,40.826576,-73.950328
2,80,40.860844,-73.921587
3,518,40.868291483,-73.9191520258
4,260,40.8623611107,-73.8971666671
5,339,40.685666,-73.84678000000001
6,1123,40.713685999999996,-73.830505
7,1673,40.596609,-73.976659
8,242,40.774536,-73.95575
9,1885,40.833128,-73.945549
10,1077,40.738821,-73.701392
11,1427,40.821174,-73.818503
12,1494,40.807383,-73.939433
13,1983,40.704159999999995,-73.986572
14,50,40.895865,-73.89229399999999
15,1837,40.776381,-73.783798
16,1593,40.845851,-73.936279
17,2460,40.773068140599996,-73.9071402614
18,975,40.789567,-73.979448
19,0,40.683049,-73.967824
20,426,40.736402000000005,-73.87812199999999
21,0,40.797755,-73.941699
22,234,40.652749,-73.95268100000001
23,445,40.780822,-73.976855
24,440,40.610865000000004,-74.00863299999999
25,77,40.869007,-73.89749
26,576,40.755545,-73.738834
27,330,40.751508,-73.826092
28,202,40.698279,-73.752654
29,1852,40.602996999999995,-73.75318299999999
30,291,40.6107514906,-73.9846354442
31,23,40.8523100475,-73.82609363569999
32,104,40.795402,-73.934005
33,970,40.7432790396,-73.7191306319
34,1972,40.82935,-73.94833100000001
35,1219,40.7647622102,-73.9582291646
36,776,40.854515,-73.910247
37,527,40.7634723206,-73.9216437416
38,1989,40.667545000000004,-73.991046
39,1475,40.81755,-73.953041
40,1801,40.744783,-73.997293
41,156,40.651346000000004,-73.938811
42,9012,40.846299,-73.938407
43,1453,40.761389,-73.966173
44,164,40.708085,-74.013551
45,249,40.715869,-73.986476
46,390,40.649111,-74.009845
47,1441,40.682663,-73.955338
48,700,40.737315,-73.979576
49,283,40.633942,-74.029709
50,98,40.6920279312,-73.9912409753
51,104,40.713701,-73.779427
52,470,40.874064000000004,-73.88393
53,539,40.772633,-73.989006
54,36,40.669914,-73.90925899999999
55,649,40.878617999999996,-73.871504
56,661,40.743509,-73.929076
57,2058,40.726615,-74.005617
58,2450,40.8229323975,-73.9418324656
59,251,40.666396999999996,-73.988606
60,308,40.630629,-74.105267
61,2030,40.721621999999996,-73.844356
62,1616,40.509037,-74.244118
63,533,40.753211,-73.78044399999999
64,56,40.700485,-73.94395899999999
65,252,40.67487,-73.981542
66,1800,40.688318,-74.001125
67,1053,40.86766,-73.88299
68,603,40.768044,-73.955812
69,412,40.659027763400005,-73.9958515233
70,0,40.749534066399995,-73.86257496350001
71,1395,40.60223,-74.09135500000001
72,1982,40.815864000000005,-73.907225
73,675,40.816978000000006,-73.888199
74,0,40.744890000000005,-73.991342
75,47,40.83804,-73.94195699999999
76,1730,40.667545000000004,-73.991046
77,2231,40.651771999999994,-73.930237
78,1163,40.881376,-73.878377
79,792,40.756081,-73.88049000000001
80,0,40.6403819599,-73.9484666045
81,783,40.849532,-73.916077
82,491,40.660582,-73.95062800000001
83,676,40.72814,-73.863582
84,622,40.616996,-73.985354
85,816,40.757360999999996,-73.86833100000001
86,1943,40.670757,-73.925358
87,515,40.750049,-73.88136300000001
88,596,40.677799,-73.972899
89,234,40.698721,-73.939564
90,519,40.880109294499995,-73.9070992463
91,1296,40.733847999999995,-73.871578
92,301,40.6522893436,-73.9563282661
93,1302,40.822443,-73.893902
94,349,40.78784,-73.974917
95,2032,40.605507,-74.008831
96,44,40.8566273929,-73.8668362205
97,0,40.689269,-73.985973
98,340,40.69335,-73.85200999999999
99,1170,40.767666999999996,-73.918368
100,536,40.906393,-73.90421500000001
101,634,40.625377,-74.13531400000001
102,1378,40.637155,-73.989919
103,1897,40.742293,-73.974594
104,1027,40.81172,-73.95179499999999
105,1229,40.7030511453,-73.9494893255
106,466,40.794264,-73.96870600000001
107,262,40.865365000000004,-73.87
108,2019,40.825727,-73.94880400000001
109,1831,40.731862,-73.982042
110,244,40.787019,-73.943742
111,500,40.791709000000004,-73.970802
112,18,40.644098,-73.970178
113,1692,40.818686,-73.847966
114,399,40.749534066399995,-73.86257496350001
115,352,40.6948,-73.954169
116,1243,40.743132,-73.918423
117,401,40.81538,-73.81166999999999
118,1079,40.8482516811,-73.900637654
119,1501,40.552523,-74.169464
120,9011,40.846299,-73.938407
121,486,40.712892,-73.90597199999999
122,0,40.756877,-73.930358
123,291,40.66479,-73.950982
124,0,40.606369,-73.989235
125,121,40.6923811323,-73.767669788
126,950,40.633590000000005,-74.023948
127,2161,40.821828000000004,-73.90350600000001
128,402,40.7157621893,-73.9963782661
129,792,40.74909,-73.89064
130,986,40.655226,-73.961019
131,1781,40.765099,-73.931797
132,721,40.713273,-73.991339
133,636,40.663475,-73.95777700000001
134,1046,40.687184,-73.974763
135,467,40.669458,-73.912205
136,105,40.6826896874,-73.9617526864
137,1895,40.861903000000005,-73.893336
138,1245,40.813728000000005,-73.908886
139,586,40.681001,-73.980624
140,1525,40.839768,-73.94072299999999
141,1275,40.63621,-73.919026
142,108,40.688886,-73.933245
143,1718,40.770614,-73.95705600000001
144,556,40.622187,-73.93727
145,2380,40.679559999999995,-73.8106
146,222,40.793763,-73.945181
147,1440,40.739792,-73.87835
148,1097,40.751876,-73.70281700000001
149,53,40.802079,-73.936989
150,1594,40.806172,-73.96522900000001
151,2339,40.571985999999995,-74.10821999999999
152,0,40.842959,-73.848941
153,184,40.743148,-73.91855699999999
154,1484,40.861415,-73.85592
155,440,40.792464,-73.971538
156,650,40.834008000000004,-73.82691700000001
157,725,40.823992,-73.85875
158,3240,40.656126,-73.75320699999999
159,35,40.655867,-73.90997800000001
160,1345,40.59377,-74.08058
161,1984,40.832144,-73.914748
162,1179,40.748732000000004,-73.873642
163,1476,40.850626,-73.934377
164,4444,40.771654,-73.93401800000001
165,131,40.672022,-73.82040500000001
166,1901,40.7091483368,-73.95909361310001
167,1581,40.67438,-73.95144300000001
168,1926,40.612279,-74.00093299999999
169,223,40.846979,-73.93624200000001
170,875,40.884671000000004,-73.831621
171,674,40.668766,-73.985444
172,945,40.750871000000004,-73.862204
173,632,40.6173253213,-73.9850121399
174,709,40.702483,-73.81522700000001
175,101,40.691712,-73.77892299999999
176,1890,40.765386,-73.743881
177,184,40.805009122399994,-73.9187340272
178,1887,40.886494,-73.914631
179,624,40.666835999999996,-73.93132
180,203,40.760702,-73.825621
181,1207,40.704926,-73.73996600000001
182,0,40.775841,-73.91106500000001
183,879,40.763998,-73.809754
184,482,40.69056,-73.991962
185,223,40.680431243600005,-73.9555202559
186,968,40.8470757475,-73.920312742
187,1635,40.851724,-73.934929
188,248,40.776911,-73.979694
189,414,40.695783,-73.742212
190,649,40.716485999999996,-73.980574
191,720,40.830785,-73.910619
192,794,40.722601,-73.867616
193,0,40.741865000000004,-73.989365
194,523,40.7320249016,-73.8491200502
195,762,40.651014,-73.945471
196,644,40.7684807344,-73.7497974949
197,1531,40.672579,-73.884803
198,1168,40.778954,-73.982412
199,1133,40.615252000000005,-73.97635
200,481,40.7091483368,-73.95909361310001
201,218,40.807891999999995,-73.91903
202,206,40.758859,-73.918772
203,356,40.71983,-73.994253
204,242,40.795626,-73.932726
205,337,40.688320000000004,-73.932275
206,431,40.706415,-73.755379
207,1588,40.617825,-73.961642
208,315,40.744175,-73.91850500000001
209,590,40.660264,-73.98007199999999
210,699,40.755883000000004,-73.882363
211,1771,40.849214,-73.933796
212,521,40.71445,-74.011475
213,47,40.619597999999996,-73.941156
214,958,40.872895,-73.905244
215,1489,40.73348,-73.99315899999999
216,701,40.7126105502,-73.8986358962
217,179,40.664234121199996,-73.9426665284
218,1435,40.762103,-73.914227
219,499,40.746784000000005,-73.882434
220,0,40.860785,-73.892286
221,530,40.585446999999995,-73.817769
222,526,40.78528,-73.8419
223,2067,40.819390000000006,-73.937012
224,201,40.700764,-73.935974
225,856,40.794226,-73.970754
226,84,40.691423,-73.779843
227,1148,40.8065408544,-73.9538068683
228,171,40.707514,-74.0138
229,982,40.661264,-73.895131
230,1905,40.577521000000004,-73.955301
231,122,40.727540000000005,-74.007295
232,2455,40.71353,-73.780203
233,802,40.740089000000005,-73.989535
234,1776,40.640492,-73.986448
235,862,40.824712,-73.82038
236,1949,40.7265462646,-74.0056499542
237,0,40.749534066399995,-73.86257496350001
238,877,40.831992,-73.91796
239,611,40.831164,-73.942038
240,225,40.680431243600005,-73.9555202559
241,485,40.779153,-73.977509
242,1129,40.822812,-73.901821
243,314,40.784628999999995,-73.845801
244,333,40.642121,-74.018997
245,1424,40.6809848586,-73.9534251346
246,9007,40.846299,-73.938407
247,237,40.799673,-73.94086300000001
248,274,40.647412,-74.011586
249,1927,40.676024,-74.002318
250,162,40.7798,-73.956281
251,1488,40.8499203423,-73.93518333770001
252,0,40.813069,-73.919978
253,107,40.6826896874,-73.9617526864
254,681,40.662896,-73.926022
255,739,40.864259000000004,-73.904301
256,588,40.7707872243,-73.7856427005
257,1569,40.580717,-73.837715
258,484,40.6949009039,-73.9315655871
259,1000,40.810753999999996,-73.926682
260,847,40.764285,-73.930011
261,1444,40.842664,-73.845714
262,806,40.760124,-73.770126
263,523,40.826873,-73.920872
264,0,40.800515000000004,-73.96587099999999
265,229,40.577832,-73.995126
266,1171,40.76278,-73.874016
267,501,40.6929091558,-73.99357037979999
268,46,40.686833,-73.929847
269,360,40.63497,-73.887902
270,142,40.656614000000005,-73.930751
271,1311,40.828696,-73.917668
272,1359,40.591563,-73.923725
273,839,40.741347,-73.903226
274,604,40.789260999999996,-73.973851
275,1907,40.692803000000005,-73.799185
276,685,40.767412,-73.92251999999999
277,196,40.573627,-73.99503299999999
278,652,40.844253,-73.907616
279,668,40.676396000000004,-73.983744
280,257,40.861872999999996,-73.843312
281,240,40.793174,-73.946366
282,432,40.6693099597,-73.913185766
283,921,40.8267372288,-73.8739311829
284,458,40.619195,-73.922814
285,1680,40.851139,-73.86779399999999
286,832,40.832572,-73.898218
287,1249,40.768814,-73.910756
288,814,40.692284,-73.760112
289,144,40.701021999999995,-73.83211
290,659,40.654293,-74.005889
291,597,40.668915999999996,-73.910533
292,670,40.886189,-73.909821
293,2203,40.604764,-73.976959
294,284,40.68681887,-73.975700924
295,1809,40.775997,-73.910519
296,227,40.882428000000004,-73.902301
297,2257,40.764199,-73.95569499999999
298,116,40.678362,-73.962148
299,1026,40.775009999999995,-73.98689
300,253,40.681928000000006,-73.976737
301,1695,40.707187,-73.954359
302,496,40.809672,-73.939872
303,0,40.716972,-74.01145
304,290,40.690964,-73.951676
305,0,40.696493,-73.959195
306,1570,40.70292,-73.824221
307,465,40.607384,-73.961735
308,147,40.651196,-73.94160699999999
309,1258,40.86955,-73.82731700000001
310,1496,40.771755,-73.78029599999999
311,1671,40.766103,-73.919655
312,239,40.81963,-73.921751
313,244,40.795501,-73.965585
314,861,40.872446999999994,-73.87545
315,628,40.720498,-73.845679
316,2166,40.652038,-73.952606
317,136,40.755584999999996,-73.828345
318,1048,40.8179721646,-73.8887965947
319,419,40.8763399272,-73.8304310412
320,394,40.620752,-74.02686899999999
321,214,40.796457000000004,-73.947439
322,358,40.741448999999996,-73.921706
323,493,40.748062,-73.982731
324,310,40.722753999999995,-73.867731
325,690,40.673256,-73.98629
326,0,40.665645,-73.942536
327,1737,40.615629999999996,-74.01230799999999
328,382,40.81538,-73.81166999999999
329,230,40.680431243600005,-73.9555202559
330,2349,40.704932,-74.007488
331,489,40.71445,-74.011475
332,286,40.67553,-73.977886
333,1798,40.862326,-73.929553
334,715,40.685037,-73.99025400000001
335,94,40.70943,-74.00616099999999
336,893,40.862276082600005,-73.8971542923
337,173,40.781999,-73.949675
338,275,40.743665,-73.923096
339,2014,40.809874,-73.927933
340,110,40.620328,-73.941577
341,278,40.575544,-73.981652
342,0,40.749266,-73.888817
343,1722,40.762271000000005,-73.911567
344,1607,40.625368226,-74.150970261
345,2310,40.773832,-73.98141700000001
346,1224,40.842943,-73.920563
347,294,40.661458,-73.950725
348,1112,40.71228,-73.731875
349,450,40.7091483368,-73.95909361310001
350,855,40.800055,-73.940585
351,351,40.588694,-73.952564
352,2163,40.824002,-73.913179
353,255,40.7274,-74.00800600000001
354,1644,40.602996999999995,-73.75318299999999
355,647,40.680386999999996,-73.842466
356,245,40.777788,-73.94872099999999
357,74,40.818987,-73.92890899999999
358,134,40.734842,-73.979692
359,407,40.639556,-74.008903
360,14,40.699303,-73.93938
361,240,40.848209000000004,-73.936139
362,0,40.786378000000006,-73.945533
363,308,40.713377,-73.762702
364,969,40.661264,-73.895131
365,899,40.745523999999996,-73.90982
366,1255,40.648293,-73.882261
367,0,40.749534066399995,-73.86257496350001
368,492,40.614888,-73.980355
369,245,40.818529999999996,-73.941338
370,331,40.629079,-74.02875300000001
371,180,40.880447333,-73.8861426483
372,540,40.830946999999995,-73.892125
373,683,40.640545,-74.000731
374,421,40.857997,-73.909191
375,976,40.664728000000004,-73.886561
376,665,40.866415,-73.928338
377,614,40.805227,-73.962231
378,1456,40.593779,-73.767199
379,255,40.646542,-73.99805
380,606,40.779328,-73.955205
381,0,40.7243064392,-73.9925319211
382,697,40.598971999999996,-73.99796500000001
383,82,40.889536,-73.859522
384,1367,40.85993,-73.843075
385,465,40.744403999999996,-73.996351
386,811,40.635553,-73.91079
387,1485,40.760565,-73.731288
388,118,40.876062,-73.907886
389,0,40.57869,-73.836568
390,1128,40.7658257508,-73.9544813004
391,657,40.625256,-73.991516
392,239,40.802645,-73.938672
393,512,40.790396,-73.969329
394,532,40.667204,-73.94239
395,1567,40.718934999999995,-73.91220799999999
396,388,40.749534066399995,-73.86257496350001
397,576,40.668619,-73.980152
398,694,40.616258,-74.011649
399,808,40.797302,-73.93636500000001
400,147,40.769385,-73.957948
401,2080,40.697961,-73.84796
402,70,40.832865999999996,-73.91141800000001
403,638,40.845328,-73.890977
404,1089,40.780472495,-73.94984222779999
405,1106,40.701021999999995,-73.83211
406,52,40.856914200300004,-73.8565221514
407,956,40.865967,-73.927767
408,437,40.618953000000005,-73.926683
409,1725,40.795146,-73.948368
410,9003,40.699075661500004,-73.9188415178
411,497,40.679235999999996,-73.96830600000001
412,447,40.780822,-73.976855
413,1711,40.663806,-73.990881
414,283,40.68681887,-73.975700924
415,573,40.739727,-73.995103
416,689,40.744879,-73.92024
417,1804,40.829133,-73.936002
418,1551,40.647622,-73.894522
419,4,40.65489,-73.93073100000001
420,953,40.791277,-73.944879
421,1956,40.682458000000004,-73.917088
422,2244,40.776016999999996,-73.910855
423,1081,40.624496,-74.079533
424,1454,40.685695,-73.922463
425,1586,40.634085,-73.907925
426,967,40.836585,-73.856898
427,2427,40.668034000000006,-73.869949
428,241,40.748639000000004,-73.816958
429,1775,40.706899,-73.953959
430,831,40.882178,-73.88691
431,313,40.883008000000004,-73.894228
432,436,40.8050066697,-73.92316251689999
433,1221,40.603232,-74.13798100000001
434,2435,40.632284999999996,-73.928294
435,431,40.870911,-73.902574
436,605,40.6742998467,-73.9566455197
437,272,40.60646,-74.01044
438,454,40.669629,-73.979287
439,797,40.749590000000005,-73.885897
440,1425,40.720619,-73.73199699999999
441,140,40.782833000000004,-73.9497
442,1135,40.735792,-73.87253
443,162,40.651468,-73.935989
444,1716,40.676660999999996,-73.91692900000001
445,1401,40.835285999999996,-73.900751
446,2059,40.7091483368,-73.95909361310001
447,478,40.7470570106,-73.8838443202
448,1421,40.703509000000004,-73.91191500000001
449,337,40.599985,-73.995862
450,841,40.820676,-73.90122099999999
451,335,40.651977,-74.006862
452,859,40.72737,-74.000815
453,1431,40.754241,-73.873769
454,193,40.76677,-73.959834
455,1991,40.7302927155,-73.8150707428
456,1125,40.740495,-73.990336
457,0,40.705395,-73.79836800000001
458,1043,40.6848030446,-73.9707042543
459,0,40.71532,-74.011229
460,1355,40.667545000000004,-73.991046
461,1546,40.680087,-73.885655
462,579,40.729007,-73.95276
463,302,40.698904999999996,-73.957495
464,88,40.613532,-73.926769
465,651,40.874207,-73.878343
466,791,40.6490086245,-73.9716028774
467,1341,40.751548,-73.883703
468,110,40.659007,-73.95045999999999
469,0,40.689754,-73.826729
470,557,40.8627844151,-73.9255179993
471,2275,40.781432,-73.960169
472,741,40.638987,-74.02034
473,833,40.757784,-73.829252
474,1004,40.595423,-73.993371
475,1971,40.68391,-73.92926899999999
476,92,40.6838417185,-73.9682348557
477,1670,40.713268,-73.872295
478,99,40.690052,-73.986838
479,127,40.693740999999996,-73.82765699999999
480,1339,40.626284000000005,-74.158282
481,354,40.794568,-73.96629
482,789,40.641474,-73.89825400000001
483,587,40.724775,-73.897456
484,12,40.711465000000004,-73.94584300000001
485,60,40.8756418016,-73.8784849953
486,559,40.862235,-73.89872199999999
487,1922,40.743103999999995,-73.883252
488,1051,40.66514,-73.902222
489,1451,40.746062,-74.001653
490,949,40.608990999999996,-73.9577
491,1016,40.699991,-73.95474300000001
492,823,40.785674,-73.839097
493,1146,40.658815000000004,-73.931127
494,658,40.812619,-73.906063
495,581,40.7577513469,-73.9164201893
496,1194,40.602403,-73.993352
497,188,40.778624,-73.979527
498,424,40.609013,-74.000486
499,374,40.68806,-73.95111999999999
500,708,40.713867770300006,-74.0116656928
501,427,40.733265,-73.884013
502,902,40.660948,-73.953558
503,214,40.777184000000005,-73.955167
504,856,40.730104,-73.974577
505,1868,40.793532,-73.949309
506,1589,40.605574,-73.979224
507,14,40.5738060585,-74.1165275277
508,116,40.633002000000005,-74.00567099999999
509,48,40.787831,-73.97489499999999
510,375,40.749534066399995,-73.86257496350001
511,1002,40.662551,-73.880675
512,923,40.756277000000004,-73.87860500000001
513,398,40.528092,-74.192032
514,352,40.822763,-73.912718
515,527,40.744771,-73.932449
516,1199,40.840775,-73.87953900000001
517,1735,40.762024,-73.918559
518,339,40.6357,-74.07571300000001
519,166,40.70856,-74.013349
520,415,40.8505620954,-73.8824526744
521,348,40.811221,-73.954107
522,444,40.668960999999996,-73.915565
523,793,40.671369,-73.843006
524,313,40.645776,-73.99525799999999
525,429,40.598044,-74.066437
526,742,40.840422,-73.91091
527,443,40.623025,-74.004589
528,287,40.8315344323,-73.8923369216
529,296,40.818324,-73.941511
530,1201,40.882898,-73.891256
531,1226,40.644086,-73.929575
532,1121,40.83213,-73.922213
533,1413,40.743137,-73.951541
534,1323,40.823289,-73.907948
535,0,40.8312176193,-73.9102065215
536,1371,40.641474,-73.89825400000001
537,145,40.756921999999996,-73.82888299999999
538,1218,40.630512,-74.009389
539,1577,40.665054,-73.885789
540,2056,40.570692,-74.109521
541,2011,40.718437,-73.872614
542,2242,40.6339,-74.004064
543,466,40.595017,-73.78549
544,83,40.655653,-73.930813
545,1354,40.605754,-73.989866
546,326,40.669526,-73.911863
547,323,40.722120000000004,-73.847335
548,1160,40.663388,-73.939975
549,675,40.68906,-73.845626
550,728,40.636587,-74.117509
551,1777,40.671621,-73.94986999999999
552,10,40.839659000000005,-73.871084
553,1822,40.793763,-73.949381
554,2239,40.688068,-73.93308
555,577,40.673875,-73.956822
556,117,40.701539000000004,-73.908614
557,1741,40.719029,-73.975891
558,300,40.601285,-73.935763
559,1865,40.77082,-73.920924
560,121,40.622171,-73.937263
561,1382,40.75607,-73.860688
562,669,40.749688,-73.756559
563,129,40.698512,-73.943997
564,304,40.6522893436,-73.9563282661
565,733,40.704328000000004,-74.00923
566,553,40.776469,-73.952784
567,389,40.65571,-74.005197
568,691,40.7126105502,-73.8986358962
569,215,40.797762,-73.963944
570,185,40.680431243600005,-73.9555202559
571,952,40.844017,-73.845798
572,1924,40.841358721999995,-73.9385925619
573,1660,40.86079,-73.930672
574,95,40.625898,-73.928156
575,12,40.652879,-73.91980600000001
576,238,40.771674,-73.907485
577,326,40.672113,-73.977242
578,1736,40.602996999999995,-73.75318299999999
579,1833,40.796340698499996,-73.9351524377
580,561,40.742266,-73.991252
581,1136,40.847596,-73.900487
582,740,40.854605,-73.938034
583,1591,40.691707,-73.919907
584,256,40.885319,-73.90054599999999
585,1370,40.6262238209,-74.015832836
586,447,40.7256357348,-73.97772880710001
587,55,40.829938,-73.944153
588,212,40.740175,-73.757991
589,9013,40.846299,-73.938407
590,0,40.702514,-73.94414499999999
591,647,40.741375,-73.88039300000001
592,938,40.750859999999996,-73.858248
593,420,40.765386,-73.74408000000001
594,1204,40.64971,-73.96604599999999
595,190,40.784696000000004,-73.946777
596,22,40.6429332294,-73.9788266117
597,9006,40.846299,-73.938407
598,1552,40.715917,-73.97985
599,1096,40.72591,-73.99524100000001
600,483,40.758888,-73.996022
601,585,40.714054,-73.98279699999999
602,472,40.695741,-73.821362
603,411,40.743808,-73.992912
604,73,40.706041,-73.831437
605,1205,40.776911,-73.979694
606,0,40.735807,-73.99377199999999
607,1867,40.700528000000006,-73.941604
608,2331,40.739917,-73.893928
609,1497,40.723628999999995,-73.99278100000001
610,834,40.81085,-73.914941
611,663,40.779138,-73.91494200000001
612,61,40.820434000000006,-73.890986
613,329,40.763453000000005,-73.770909
614,1238,40.643178000000006,-73.900118
615,1375,40.63537,-74.009699
616,0,40.746286,-73.984023
617,2343,40.711203000000005,-73.905286
618,2429,40.651582,-73.882994
619,1031,40.818769,-73.88928299999999
620,766,40.752241999999995,-73.932016
621,169,40.578293,-73.958011
622,17,40.835190000000004,-73.86109
623,25,40.8520448141,-73.8261812468
624,1655,40.582299,-73.828542
625,944,40.757886,-73.784897
626,1764,40.679584000000006,-73.831547
627,668,40.7091483368,-73.95909361310001
628,406,40.615856,-73.975734
629,845,40.807452000000005,-73.946788
630,750,40.849647999999995,-73.909249
631,618,40.70536,-74.00629
632,1538,40.675571999999995,-73.958927
633,37,40.83328,-73.94174
634,391,40.657914,-74.000652
635,1492,40.802136,-73.947828
636,1612,40.641818,-74.09756
637,1246,40.596757000000004,-73.933499
638,449,40.662228000000006,-73.84062
639,1093,40.620446,-73.98179499999999
640,1535,40.660509999999995,-73.890288
641,1029,40.690053999999996,-73.783147
642,43,40.683240999999995,-73.930813
643,446,40.662659000000005,-73.96208100000001
644,785,40.869034,-73.917275
645,35,40.637073,-74.025513
646,1105,40.701021999999995,-73.83211
647,1065,40.575565999999995,-73.98080300000001
648,305,40.825928000000005,-73.919514
649,457,40.7091483368,-73.95909361310001
650,473,40.780822,-73.976855
651,2033,40.610758000000004,-73.991641
652,1022,40.5839463333,-73.937579988
653,232,40.616267,-74.08315400000001
654,752,40.704932,-74.007488
655,24,40.8520448141,-73.8261812468
656,1361,40.693307,-73.99163399999999
657,1493,40.580011,-73.837324
658,1996,40.761577,-73.723122
659,1073,40.8778624109,-73.8662151139
660,623,40.907688,-73.903888
661,962,40.817578999999995,-73.939272
662,1812,40.602996999999995,-73.75318299999999
663,656,40.791709000000004,-73.970802
664,1641,40.716838,-74.012117
665,1513,40.666181,-73.949013
666,379,40.749534066399995,-73.86257496350001
667,33,40.629191,-74.114059
668,930,40.708387,-74.012563
669,554,40.676024,-74.002318
670,2352,40.668006,-73.862483
671,2347,40.737718,-73.887429
672,148,40.633996,-74.007094
673,655,40.873239,-73.899722
674,481,40.822831,-73.953069
675,507,40.620777000000004,-74.025013
676,89,40.652533,-73.923511
677,271,40.7798,-73.956281
678,2332,40.596011,-73.754109
679,224,40.680431243600005,-73.9555202559
680,660,40.682648,-73.966739
681,101,40.6826896874,-73.9617526864
682,2304,40.713347,-74.004509
683,1025,40.708878999999996,-73.943443
684,349,40.817291,-73.888361
685,901,40.662828999999995,-73.953784
686,1866,40.602996999999995,-73.75318299999999
687,1774,40.648773,-73.955754
688,691,40.753177,-73.872421
689,0,40.749534066399995,-73.86257496350001
690,565,40.7091483368,-73.95909361310001
691,925,40.768193,-73.924151
692,1932,40.688318,-74.001125
693,1303,40.838288,-73.902987
694,846,40.795596999999994,-73.93442399999999
695,1668,40.846338899,-73.935895247
696,838,40.867788,-73.903009
697,1236,40.826956,-73.91771
698,1536,40.677890000000005,-73.889758
699,2207,40.670654,-73.914575
700,150,40.706452,-74.00559399999999
701,490,40.713684,-74.010713
702,77,40.750091999999995,-73.939662
703,881,40.665771,-73.942546
704,492,40.873239,-73.899722
705,2316,40.861282,-73.861719
706,97,40.668626,-73.94225899999999
707,1557,40.757309,-73.926733
708,1988,40.832144,-73.914748
709,1294,40.743256,-73.919473
710,508,40.736495,-73.86576600000001
711,13,40.697976000000004,-73.93699699999999
712,0,40.689269,-73.985973
713,955,40.755875,-73.88244300000001
714,815,40.788081,-73.813516
715,2371,40.674614,-73.80442099999999
716,583,40.746939000000005,-73.98355
717,338,40.766403000000004,-73.957037
718,1985,40.829569,-73.897522
719,438,40.785369,-73.973004
720,495,40.7165279614,-73.9958912325
721,1407,40.767765000000004,-73.96413299999999
722,1707,40.691435999999996,-73.82075
723,442,40.665285,-73.75836
724,222,40.847858,-73.9379
725,285,40.68681887,-73.975700924
726,175,40.707514,-74.0138
727,1181,40.648044,-73.951891
728,1193,40.819097,-73.944665
729,569,40.727594,-73.786074
730,1815,40.734704,-73.989926
731,1532,40.640066,-73.947253
732,538,40.627509,-74.16731999999999
733,1191,40.744813,-73.924051
734,179,40.787105,-73.945002
735,696,40.779265,-73.973743
736,1704,40.778601,-73.843187
737,389,40.749534066399995,-73.86257496350001
738,468,40.670168,-73.907561
739,748,40.821836,-73.95010699999999
740,2077,40.694817,-73.919402
741,173,40.676967,-73.969125
742,542,40.69056,-73.991962
743,523,40.743704,-73.973291
744,0,40.760933,-73.957748
745,1396,40.814997,-73.94091800000001
746,931,40.8610077055,-73.8900622547
747,1090,40.712972,-73.945453
748,2306,40.6758799199,-73.8710906876
749,0,40.74909,-73.89064
750,112,40.8116866753,-73.91444144229999
751,51,40.852965000000005,-73.931078
752,113,40.626958394,-74.16430314899999
753,2051,40.765133,-73.790083
754,1068,40.878685,-73.872039
755,48,40.855469,-73.936747
756,2162,40.763818,-73.880046
757,1268,40.646877,-73.92097700000001
758,1541,40.686797999999996,-73.781247
759,892,40.722726,-74.006534
760,1909,40.813728000000005,-73.908886
761,645,40.861914,-73.893416
762,704,40.735603999999995,-73.71633800000001
763,0,40.749534066399995,-73.86257496350001
764,1598,40.864403,-73.863878
765,761,40.615612,-74.034258
766,692,40.681096000000004,-73.975317
767,2457,40.775901,-73.910964
768,335,40.781118,-73.94958199999999
769,859,40.746171999999994,-73.890208
770,165,40.741889,-73.919775
771,680,40.744902,-73.935022
772,103,40.6826896874,-73.9617526864
773,404,40.759824,-73.964903
774,97,40.881387,-73.878395
775,848,40.693018,-73.953034
776,1150,40.728967,-73.990432
777,1904,40.660152000000004,-73.739488
778,2307,40.8062,-73.925979
779,1178,40.571853999999995,-74.11232700000001
780,774,40.821253999999996,-73.858098
781,346,40.792336999999996,-73.940545
782,1052,40.744178000000005,-73.717322
783,599,40.620203000000004,-74.00754599999999
784,1298,40.834157,-73.887512
785,1948,40.814945,-73.936012
786,1617,40.733847999999995,-73.871578
787,433,40.656517,-73.882737
788,32,40.895865,-73.89229399999999
789,2444,40.592278,-73.977838
790,1260,40.748775,-73.873216
791,1001,40.846089,-73.909879
792,148,40.652013000000004,-73.929141
793,0,40.616584,-73.978594
794,334,40.679294,-73.92622800000001
795,1810,40.611666,-73.983713
796,303,40.711782,-73.859298
797,1189,40.680445,-73.991949
798,2009,40.850562,-73.882453
799,197,40.700764,-73.935974
800,2234,40.661432,-73.908622
801,143,40.745870000000004,-73.884698
802,1322,40.668708,-73.90841400000001
803,1364,40.730178,-74.002955
804,1769,40.710598,-73.947089
805,571,40.786221000000005,-73.951799
806,22,40.604524,-73.969414
807,2165,40.648768,-73.949343
808,1124,40.818467,-73.868372
809,2430,40.666786,-73.92694399999999
810,406,40.634899,-74.002836
811,21,40.804589,-73.935823
812,1951,40.836745,-73.94290500000001
813,408,40.713456,-73.947916
814,824,40.775940000000006,-73.91511899999999
815,735,40.750153000000005,-73.880374
816,76,40.736922,-73.77799
817,1813,40.743421000000005,-73.994049
818,1366,40.8509568703,-73.9384210425
819,928,40.668196,-73.90306899999999
820,1709,40.779284000000004,-73.955097
821,468,40.607363,-73.943414
822,118,40.6826896874,-73.9617526864
823,396,40.749534066399995,-73.86257496350001
824,2273,40.627651,-73.981667
825,809,40.832477000000004,-73.9095
826,524,40.650786,-73.89043000000001
827,328,40.767765999999995,-73.773151
828,2026,40.720166,-73.804182
829,560,40.598953,-73.996936
830,807,40.674859999999995,-73.80713100000001
831,537,40.697708,-73.965076
832,452,40.753616,-73.86026700000001
833,825,40.847797,-73.856914
834,922,40.620476000000004,-73.935867
835,2013,40.796267,-73.96958599999999
836,1582,40.672568,-73.77099399999999
837,1411,40.688318,-74.001125
838,531,40.71445,-74.011475
839,0,40.689563,-73.985587
840,1889,40.743137,-73.951541
841,2220,40.667286,-73.959905
842,0,40.792336999999996,-73.940545
843,765,40.6551468512,-73.9500481786
844,192,40.685378,-73.975554
845,297,40.790384,-73.973034
846,1638,40.7241499624,-74.00785769859999
847,1874,40.671364000000004,-73.957707
848,377,40.874091,-73.833904
849,641,40.684819,-73.844031
850,595,40.820988,-73.896426
851,1,40.842325,-73.924251
852,631,40.668406,-73.942299
853,380,40.749534066399995,-73.86257496350001
854,1472,40.865881,-73.926314
855,258,40.861856,-73.893101
856,511,40.757649,-73.945972
857,419,40.6356531525,-73.9950242928
858,1908,40.7091483368,-73.95909361310001
859,446,40.794568,-73.96629
860,775,40.735494,-73.987659
861,1063,40.756997999999996,-73.90719200000001
862,503,40.679120000000005,-73.997451
863,2218,40.8301501086,-73.9400916722
864,506,40.7091483368,-73.95909361310001
865,1632,40.831063,-73.920361
866,1679,40.824382,-73.922613
867,601,40.689269,-73.985973
868,0,40.739312,-73.984256
869,396,40.7274,-74.00800600000001
870,996,40.749764,-73.884049
871,574,40.67388,-73.938974
872,966,40.84888,-73.900272
873,111,40.624645,-74.141743
874,1213,40.691274,-73.933697
875,1859,40.602996999999995,-73.75318299999999
876,1886,40.791703000000005,-73.968357
877,1057,40.682337,-73.87677099999999
878,1426,40.707121,-73.914998
879,947,40.869233,-73.901138
880,372,40.775671,-73.947322
881,409,40.657914,-74.000652
882,1740,40.74519,-73.92590899999999
883,1500,40.686442,-73.970534
884,751,40.859758,-73.908086
885,327,40.764140000000005,-73.77125
886,2348,40.7327,-73.804997
887,456,40.7072032836,-73.9544095187
888,367,40.821333,-73.84855999999999
889,203,40.744363,-73.920367
890,563,40.729541999999995,-73.779981
891,1853,40.690798,-73.821657
892,552,40.669629,-73.979287
893,3,40.749476,-73.886962
894,551,40.799917,-73.951225
895,236,40.76252,-73.965891
896,1058,40.768258,-73.990588
897,1439,40.795157,-73.973292
898,44,40.694592,-73.993606
899,1631,40.813184,-73.937322
900,964,40.814833,-73.85658000000001
901,227,40.795596999999994,-73.93442399999999
902,1514,40.782701,-73.947486
903,2016,40.764373,-73.957728
904,427,40.7091483368,-73.95909361310001
905,1158,40.871922,-73.87759100000001
906,601,40.760363,-73.768588
907,526,40.747877,-73.94022700000001
908,250,40.687160999999996,-73.92288
909,11,40.833626,-73.941462
910,304,40.8315344323,-73.8923369216
911,52,40.816435999999996,-73.919117
912,959,40.755693,-73.884194
913,0,40.749534066399995,-73.86257496350001
914,513,40.741633,-73.880707
915,779,40.740367,-73.949566
916,1522,40.665508,-73.878716
917,1154,40.729407,-73.862768
918,1336,40.617719,-73.99160400000001
919,0,40.715959999999995,-73.83331700000001
920,981,40.7553959489,-73.88699527
921,2374,40.692428,-73.942116
922,558,40.862265,-73.89865400000001
923,187,40.573627,-73.99503299999999
924,387,40.749534066399995,-73.86257496350001
925,146,40.608238,-73.962051
926,932,40.8610077055,-73.8900622547
927,4,40.73382,-73.871538
928,369,40.880038,-73.907005
929,1227,40.889210999999996,-73.831757
930,305,40.676313,-73.980514
931,238,40.793174,-73.946366
932,1237,40.7241500712,-74.006057427
933,353,40.822763,-73.912718
934,0,40.762262,-73.92598100000001
935,1113,40.8470757475,-73.920312742
936,2372,40.845469,-73.94046800000001
937,613,40.846162,-73.899264
938,300,40.7275729759,-73.7339425678
939,1111,40.584049,-73.934675
940,1675,40.700528000000006,-73.941604
941,663,40.836782564800004,-73.8571726978
942,826,40.654161,-73.911699
943,1992,40.66888,-73.907372
944,119,40.680318,-73.79203000000001
945,2345,40.850912,-73.941544
946,852,40.785455,-73.94993199999999
947,1869,40.827971000000005,-73.945619
948,560,40.812396,-73.942095
949,1855,40.609936,-73.92228100000001
950,2454,40.776016999999996,-73.910855
951,76,40.793572999999995,-73.93717
952,392,40.597863000000004,-73.99169300000001
953,464,40.881434000000006,-73.87923
954,2029,40.607728,-74.00204599999999
955,1790,40.651098,-73.943626
956,176,40.63224,-73.96835300000001
957,1528,40.773831,-73.957613
958,393,40.603188,-73.999719
959,484,40.633045,-74.015204
960,0,40.756336,-73.92994
961,2235,40.701440000000005,-73.886831
962,422,40.528092,-74.192032
963,677,40.866415,-73.928338
964,350,40.743625,-73.950563
965,2305,40.720626,-73.84451
966,858,40.761928999999995,-73.993809
967,1011,40.635752000000004,-73.947973
968,1080,40.683440999999995,-73.966739
969,1358,40.859992999999996,-73.929129
970,347,40.652359999999994,-73.892514
971,1244,40.703148999999996,-73.875748
972,2036,40.622473,-74.005187
973,1119,40.7684807344,-73.7497974949
974,310,40.669026,-73.915111
975,924,40.645685,-73.8989
976,1537,40.840252,-73.842499
977,1042,40.718478999999995,-73.948237
978,2031,40.673069,-73.743173
979,320,40.818096000000004,-73.888847
980,379,40.687456,-73.96568
981,1976,40.673347640500005,-73.9572625955
982,103,40.698823,-73.934977
983,2708,40.84473,-73.858207
984,91,40.876062,-73.907886
985,1098,40.741135,-73.9941
986,0,40.6403819599,-73.9484666045
987,80,40.751588,-73.826128
988,1084,40.767405,-73.96441899999999
989,2454,40.659247,-73.90808100000001
990,1384,40.738655,-73.98275500000001
991,323,40.797494,-73.941046
992,395,40.675513,-74.010249
993,1176,40.743038,-73.917615
994,602,40.755377,-73.88702099999999
995,1672,40.688695,-73.935499
996,1874,40.832706,-73.926838
997,9002,40.699075661500004,-73.9188415178
998,1587,40.809882,-73.927954
999,2243,40.736470000000004,-73.97773199999999
1000,170,40.6824454787,-73.9619835794
1001,2167,40.751508,-73.826092
1002,2258,40.82548,-73.948215
1003,1894,40.671821,-73.941982
1004,1008,40.723802,-73.97594000000001
1005,1814,40.754594,-73.894479
1006,289,40.699488,-73.91521999999999
1007,0,40.701684,-73.883891
1008,331,40.678297,-73.965541
1009,488,40.6322110929,-74.0068489018
1010,100,40.688187,-73.981993
1011,1095,40.692198,-73.861864
1012,336,40.713684,-74.010713
1013,1839,40.846542,-73.93520500000001
1014,1925,40.719383,-73.998867
1015,330,40.600411633200004,-73.9413565262
1016,623,40.7091483368,-73.95909361310001
1017,1599,40.715351,-73.956716
1018,351,40.766090000000005,-73.77229
1019,0,40.68681887,-73.975700924
1020,619,40.641888,-74.096489
1021,1436,40.748539,-73.875263
1022,1942,40.831227,-73.942143
1023,1742,40.660969,-73.87954599999999
1024,706,40.713867770300006,-74.0116656928
1025,1242,40.726991,-73.86437099999999
1026,0,40.696493,-73.959195
1027,9010,40.846299,-73.938407
1028,744,40.809534,-73.919903
1029,0,40.762636,-73.92681800000001
1030,1934,40.681508,-73.871527
1031,957,40.853739000000004,-73.919209
1032,1399,40.662326,-73.894441
1033,459,40.669602000000005,-73.911232
1034,1054,40.749177,-73.889698
1035,1547,40.850561,-73.88374300000001
1036,327,40.662659000000005,-73.96208100000001
1037,1301,40.836403999999995,-73.90501400000001
1038,797,40.841345000000004,-73.853133
1039,324,40.7624028377,-73.7704000504
1040,1651,40.744753,-73.957971
1041,2301,40.7091483368,-73.95909361310001
1042,557,40.7091483368,-73.95909361310001
1043,0,40.758644,-73.96369399999999
1044,307,40.705913,-73.739573
1045,486,40.616399,-74.033959
1046,241,40.80073,-73.940093
1047,1596,40.579346,-73.836919
1048,364,40.580138,-74.099845
1049,1608,40.765309,-73.918032
1050,659,40.613535999999996,-73.99973299999999
1051,2449,40.849393,-73.933922
1052,851,40.635647999999996,-73.913046
1053,71,40.815778,-73.916983
1054,285,40.8098637275,-73.9514059248
1055,321,40.588443,-73.94932
1056,693,40.71035,-73.963483
1057,309,40.615966,-73.979239
1058,1023,40.695370000000004,-73.917486
1059,260,40.638793,-73.988185
1060,264,40.59588,-73.952606
1061,1353,40.8727762041,-73.8783564468
1062,33,40.769220000000004,-73.959335
1063,753,40.822437,-73.906125
1064,407,40.676590999999995,-73.983614
1065,457,40.618969,-73.926716
1066,577,40.689989000000004,-73.992233
1067,1385,40.641783000000004,-73.929328
1068,1952,40.574909999999996,-74.098833
1069,1738,40.663854,-73.951934
1070,572,40.78099,-73.958706
1071,1122,40.613764,-74.001221
1072,596,40.829035,-73.928497
1073,745,40.654796000000005,-73.887811
1074,231,40.693619,-73.982766
1075,1222,40.68007,-74.001377
1076,1347,40.678136,-73.982543
1077,801,40.749691,-73.88493000000001
1078,1225,40.705203999999995,-73.93940699999999
1079,586,40.675729,-73.96861
1080,532,40.715042,-73.901262
1081,0,40.727656,-74.000336
1082,592,40.618124,-73.958919
1083,1007,40.872446999999994,-73.87545
1084,31,40.662133000000004,-73.950796
1085,517,40.733847999999995,-73.871578
1086,115,40.69031,-73.987502
1087,2,40.620346999999995,-74.081643
1088,205,40.680431243600005,-73.9555202559
1089,595,40.660024,-73.987637
1090,703,40.6968968227,-73.74336923989999
1091,1428,40.693606,-73.844631
1092,568,40.747189127199995,-73.9426348364
1093,1368,40.576502000000005,-73.98599300000001
1094,1015,40.825196000000005,-73.917232
1095,1452,40.784826,-73.949611
1096,510,40.587969,-73.807677
1097,880,40.707685,-73.928855
1098,1072,40.746589,-73.97748
1099,843,40.699463,-73.897855
1100,3299,40.826048,-73.923102
1101,642,40.640316999999996,-73.905866
1102,0,40.849715,-73.83037900000001
1103,695,40.832144,-73.914748
1104,75,40.8040706974,-73.936672821
1105,1005,40.6873543676,-73.9770024109
1106,1349,40.784711,-73.9772
1107,844,40.695312,-73.790317
1108,2006,40.713193,-73.99991700000001
1109,51,40.706118,-73.913268
1110,2337,40.676909,-73.952667
1111,1947,40.691472,-73.82068100000001
1112,288,40.677019,-73.969082
1113,1702,40.641036,-74.00380899999999
1114,810,40.813769,-73.95661199999999
1115,894,40.72596,-73.95075600000001
1116,191,40.787113,-73.945024
1117,1134,40.594634,-73.96090699999999
1118,800,40.606365999999994,-73.98921
1119,3112,40.86205,-73.919102
1120,135,40.842495,-73.91608199999999
1121,119,40.6826896874,-73.9617526864
1122,1637,40.810928000000004,-73.948938
1123,574,40.746531,-73.99389000000001
1124,2340,40.639278999999995,-73.948327
1125,137,40.622397,-74.019758
1126,334,40.763563,-73.959082
1127,400,40.759442,-73.961528
1128,441,40.673629999999996,-74.004153
1129,2057,40.80247,-73.94671600000001
1130,1693,40.635040000000004,-73.968082
1131,45,40.8521589977,-73.8273091896
1132,1902,40.57805,-73.959415
1133,541,40.661061,-73.98653399999999
1134,1749,40.68528,-73.914614
1135,358,40.793061,-73.967991
1136,69,40.8048017619,-73.9384601304
1137,455,40.596940999999994,-73.973497
1138,572,40.657713,-73.879051
1139,621,40.748777000000004,-73.756556
1140,2205,40.807569,-73.949338
1141,295,40.573355,-73.992124
1142,767,40.860915000000006,-73.896118
1143,0,40.833774,-73.941357
1144,589,40.664283000000005,-73.983769
1145,942,40.720576,-73.98715
1146,404,40.65571,-74.005197
1147,4657,40.592902,-73.789051
1148,556,40.666163,-73.9822
1149,490,40.676423,-73.958461
1150,2326,40.679389582,-73.86317378439999
1151,1180,40.843824,-73.910179
1152,436,40.6458,-74.01329
1153,198,40.765166,-73.82789
1154,476,40.780822,-73.976855
1155,1659,40.771755,-73.78029599999999
1156,1602,40.680463,-73.922264
1157,1101,40.701021999999995,-73.83211
1158,345,40.612821000000004,-73.98253199999999
1159,2272,40.691653,-73.925825
1160,0,40.883025,-73.830366
1161,1304,40.668708,-73.90841400000001
1162,132,40.829921,-73.87567800000001
1163,1175,40.846711,-73.889815
1164,500,40.741406,-73.954881
1165,210,40.744837,-73.924066
1166,416,40.761694,-73.957502
1167,2255,40.805551410599996,-73.9656807623
1168,2441,40.775997,-73.910519
1169,0,40.59067,-73.796234
1170,719,40.7137446957,-73.9940914135
1171,1503,40.743885999999996,-73.924976
1172,2353,40.649784000000004,-73.93016
1173,1126,40.853829,-73.867717
1174,1710,40.743734,-73.88456500000001
1175,1209,40.631523,-74.144297
1176,123,40.6838417185,-73.9682348557
1177,2303,40.717849,-73.999737
1178,81,40.703148999999996,-73.875748
1179,1132,40.618969,-73.926716
1180,1477,40.763736,-73.95815
1181,29,40.691091,-73.952062
1182,298,40.797152000000004,-73.949013
1183,891,40.722726,-74.006534
1184,853,40.830459000000005,-73.947499
1185,562,40.7593,-73.99569699999999
1186,487,40.7091483368,-73.95909361310001
1187,590,40.779149,-73.954739
1188,1138,40.651629,-73.888879
1189,679,40.83487,-73.928296
1190,360,40.67282,-73.76925200000001
1191,1766,40.601420000000005,-73.96141800000001
1192,342,40.615767,-73.986655
1193,123,40.68862,-73.939152
1194,122,40.698823,-73.934977
1195,1103,40.728777,-73.86319499999999
1196,78,40.680147999999996,-73.76247
1197,929,40.755866,-73.882374
1198,1558,40.6512283486,-73.9525197275
1199,1609,40.619733000000004,-73.96129499999999
1200,504,40.757028000000005,-73.939537
1201,141,40.6526982655,-73.9561946546
1202,528,40.71445,-74.011475
1203,1195,40.660457,-73.91518
1204,971,40.617326,-73.985012
1205,898,40.706653,-74.005306
1206,1400,40.605163,-73.979948
1207,0,40.689269,-73.985973
1208,1772,40.880697999999995,-73.908162
1209,1152,40.78868,-73.813735
1210,1356,40.766719,-73.920171
1211,207,40.625898,-73.928156
1212,624,40.7091483368,-73.95909361310001
1213,1147,40.796340698499996,-73.9351524377
1214,1070,40.63688,-74.11804599999999
1215,168,40.6824454787,-73.9619835794
1216,199,40.700764,-73.935974
1217,460,40.745686,-73.90256600000001
1218,64,40.819152,-73.929631
1219,1473,40.864409,-73.929197
1220,1393,40.734383,-73.86430899999999
1221,1805,40.661424,-73.832746
1222,328,40.599707,-73.948365
1223,224,40.812172,-73.92033599999999
1224,1346,40.740246,-73.992324
1225,471,40.694015,-73.991472
1226,124,40.778409,-73.978054
1227,2271,40.8260913173,-73.92692489529999
1228,1610,40.655226,-73.961019
1229,2053,40.821357,-73.936353
1230,567,40.730449,-73.98923
1231,1768,40.732289,-73.853825
1232,0,40.749534066399995,-73.86257496350001
1233,961,40.804435999999995,-73.95274599999999
1234,489,40.823164,-73.94913100000001
1235,1705,40.629267999999996,-73.968686
1236,1592,40.815016,-73.945123
1237,2204,40.652567,-73.920689
1238,1240,40.665011,-73.942615
1239,2344,40.598817,-73.94157
1240,126,40.676024,-74.002318
1241,1613,40.571187,-74.132634
1242,9005,40.846299,-73.938407
1243,592,40.749095000000004,-73.89059
1244,494,40.633215,-73.922384
1245,258,40.8866910086,-73.9070358001
1246,994,40.855076000000004,-73.904199
1247,746,40.69433,-73.951851
1248,702,40.646877,-73.92097700000001
1249,464,40.66919,-73.914001
1250,1743,40.713361,-73.998965
1251,488,40.583531,-74.095538
1252,45,40.686605,-73.92978199999999
1253,1108,40.740056,-73.986074
1254,256,40.862398,-73.89671899999999
1255,321,40.662777,-73.995599
1256,1849,40.602996999999995,-73.75318299999999
1257,850,40.681283,-73.847111
1258,747,40.64366,-74.008252
1259,392,40.746216,-74.005229
1260,1601,40.636598,-74.132919
1261,1404,40.839565,-73.880358
1262,570,40.623705,-73.990025
1263,1033,40.818907,-73.890211
1264,1216,40.6798,-73.838314
1265,194,40.781151,-73.949343
1266,0,40.793945,-73.96793000000001
1267,102,40.6826896874,-73.9617526864
1268,144,40.771034,-73.956723
1269,1034,40.711296000000004,-73.9613
1270,1256,40.6653997712,-73.92662153090001
1271,1640,40.752333,-73.75599
1272,516,40.713684,-74.010713
1273,41,40.833511,-73.914771
1274,786,40.667287,-73.956304
1275,666,40.704366,-73.943775
1276,985,40.656304,-73.91453299999999
1277,34,40.895865,-73.89229399999999
1278,1383,40.797810999999996,-73.94855799999999
1279,1891,40.668655,-73.917613
1280,1360,40.6765890534,-73.88496208560001
1281,1729,40.7433,-73.883696
1282,710,40.683366,-73.78246999999999
1283,146,40.69811,-73.98700600000001
1284,2458,40.776722,-73.91152199999999
1285,2328,40.651237,-73.94066
1286,1437,40.710623999999996,-73.783423
1287,874,40.652932,-74.005838
1288,315,40.817383,-73.904698
1289,1230,40.674656,-73.92779399999999
1290,2909,40.6381179802,-74.0213599937
1291,794,40.672234,-73.957415
1292,697,40.704932,-74.007488
1293,940,40.602996999999995,-73.75318299999999
1294,1165,40.680428000000006,-73.980491
1295,405,40.7165279614,-73.9958912325
1296,487,40.607426000000004,-73.943003
1297,1083,40.647919,-73.895127
1298,1954,40.829035,-73.928497
1299,319,40.8741049892,-73.8840309758
1300,803,40.8679,-73.920523
1301,9014,40.846299,-73.938407
1302,432,40.67944,-73.932407
1303,2,40.611191999999996,-73.92407
1304,75,40.702531,-73.814033
1305,282,40.68681887,-73.975700924
1306,610,40.624902,-73.964037
1307,798,40.750828000000006,-73.941343
1308,2335,40.693166,-73.788777
1309,261,40.681969,-73.949906
1310,1674,40.602996999999995,-73.75318299999999
1311,216,40.882867,-73.902
1312,371,40.667889,-73.870165
1313,21,40.708391,-73.957828
1314,773,40.690725,-73.95043299999999
1315,149,40.670271,-73.820972
1316,1910,40.596232,-73.984383
1317,1434,40.63239,-73.950598
1318,1893,40.63398,-73.96655799999999
1319,612,40.873499,-73.879049
1320,65,40.775767,-73.952774
1321,598,40.73701,-73.864582
1322,2377,40.714211,-73.988302
1323,522,40.749446999999996,-73.98172
1324,1945,40.726862,-74.00738199999999
1325,1107,40.682648,-73.966739
1326,298,40.716685,-73.957339
1327,276,40.777105,-73.90949599999999
1328,131,40.817305,-73.86069
1329,63,40.699263,-73.787918
1330,1432,40.796110999999996,-73.935344
1331,357,40.722120000000004,-73.847335
1332,443,40.736,-73.869906
1333,355,40.767804999999996,-73.773168
1334,1799,40.688318,-74.001125
1335,410,40.615559000000005,-74.067208
1336,589,40.621344,-73.987925
1337,476,40.752981,-73.82168100000001
1338,1162,40.782295,-73.97524399999999
1339,573,40.604244,-73.97179100000001
1340,890,40.749884,-73.883085
1341,84,40.648944,-73.97657199999999
1342,152,40.665826,-73.98246
1343,529,40.71996,-73.843538
1344,1973,40.741677,-73.880801
1345,0,40.749534066399995,-73.86257496350001
1346,9999,40.867854,-73.887563
1347,1871,40.744966,-73.918966
1348,558,40.838297999999995,-73.887187
1349,594,40.715984999999996,-73.833349
1350,1995,40.689456,-73.984531
1351,428,40.670589,-73.98921800000001
1352,204,40.751765,-73.82033100000001
1353,1527,40.7293,-73.99351300000001
1354,1259,40.6403819599,-73.9484666045
1355,1694,40.756062,-73.880515
1356,2208,40.608826,-73.97283399999999
1357,343,40.874091,-73.833904
1358,290,40.786179,-73.84477199999999
1359,344,40.823239700900004,-73.8659600072
1360,615,40.659728,-73.735176
1361,233,40.799346,-73.938971
1362,617,40.822257,-73.900561
1363,496,40.842277,-73.84408499999999
1364,2278,40.726009000000005,-74.00751899999999
1365,90,40.757519,-73.82775500000001
1366,1120,40.699144,-73.897942
1367,1712,40.706171999999995,-74.005962
1368,639,40.7241500712,-74.006057427
1369,114,40.684618,-73.91345799999999
1370,805,40.740089000000005,-73.989535
1371,350,40.690422,-73.850415
1372,120,40.762228,-73.993567
1373,752,40.741944000000004,-73.908089
1374,1274,40.638006,-73.909436
1375,400,40.794281,-73.97093100000001
1376,1719,40.812647,-73.95679
1377,29,40.711659000000004,-73.943657
1378,9000,40.699075661500004,-73.9188415178
1379,2375,40.700565000000005,-73.943321
1380,1656,40.831063,-73.920361
1381,591,40.6640684391,-73.84192776319999
1382,512,40.665186,-73.983019
1383,387,40.713456,-73.947916
1384,1605,40.6783166768,-73.9357791515
1385,1348,40.735403000000005,-73.71726600000001
1386,132,40.752712,-73.82700899999999
1387,1765,40.627029,-73.989672
1388,1159,40.680428000000006,-73.980491
1389,515,40.65835,-73.95036999999999
1390,2012,40.729636,-73.983818
1391,36,40.643966999999996,-74.004346
1392,1618,40.610087,-74.162216
1393,799,40.745,-73.887493
1394,108,40.675755,-73.963383
1395,1024,40.858831,-73.895167
1396,183,40.733431,-73.794585
1397,226,40.793715999999996,-73.943097
1398,2004,40.821838493099996,-73.9389176856
1399,142,40.641935,-73.981335
1400,0,40.799904999999995,-73.96446999999999
1401,150,40.6266900646,-74.1619032256
1402,423,40.628535,-74.119426
1403,2336,40.541244,-74.177361
1404,9009,40.846299,-73.938407
1405,175,40.779396999999996,-73.950623
1406,200,40.762564000000005,-73.82252199999999
1407,1888,40.805934,-73.941096
1408,629,40.635843,-74.023009
1409,1523,40.708723,-73.940002
1410,0,40.744577,-73.976037
1411,383,40.668918,-73.93342700000001
1412,115,40.7071867951,-73.9543590343
1413,31,40.663251,-73.981289
1414,286,40.662659000000005,-73.96208100000001
1415,174,40.632926,-73.965492
1416,161,40.599154999999996,-73.95339200000001
1417,1445,40.687145,-73.878547
1418,19,40.840182,-73.917542
1419,2256,40.718625,-73.995249
1420,98,40.616525,-73.944264
1421,104,40.6826896874,-73.9617526864
1422,1075,40.580528,-73.837604
1423,441,40.864403,-73.863878
1424,1307,40.8154254828,-73.94731589140001
1425,417,40.687456,-73.96568
1426,878,40.817977,-73.893511
1427,963,40.755580847,-73.88522992819999
1428,445,40.789731,-73.975382
1429,1143,40.667066,-73.98193
1430,200,40.743142999999996,-73.918503
1431,1657,40.827915000000004,-73.94935799999999
1432,1455,40.7241499624,-74.00785769859999
1433,732,40.692642,-73.958794
1434,384,40.749534066399995,-73.86257496350001
1435,607,40.738535999999996,-73.99597299999999
1436,384,40.668422,-73.98360600000001
1437,795,40.688695,-73.935499
1438,615,40.820988,-73.89658100000001
1439,813,40.8656,-73.92454599999999
1440,1182,40.832706,-73.926838
1441,1773,40.858242457399996,-73.8886714212
1442,1220,40.770231,-73.918748
1443,941,40.888591999999996,-73.840851
1444,12,40.662380999999996,-73.931527
1445,225,40.850858,-73.93262
1446,640,40.751319,-73.885533
1447,306,40.6405223783,-73.9944618246
1448,1102,40.756347999999996,-73.883604
1449,0,40.757028000000005,-73.939537
1450,4259,40.678488,-73.96210500000001
1451,2055,40.615998,-73.912989
1452,1088,40.671884999999996,-73.977404
1453,1614,40.722225,-73.85043399999999
1454,771,40.797577000000004,-73.94128
1455,62,40.701824,-73.93734
1456,664,40.689269,-73.985973
1457,125,40.688231,-73.982108
1458,388,40.6742,-73.9855
1459,0,40.68681887,-73.975700924
1460,1721,40.791703000000005,-73.968357
1461,1050,40.719668,-73.991858
1462,2280,40.7091483368,-73.95909361310001
1463,1583,40.654703999999995,-73.941089
1464,356,40.634372,-74.023606
1465,1272,40.837206,-73.887225
1466,197,40.766083,-73.959882
1467,860,40.7072032836,-73.9544095187
1468,2101,40.748531,-73.891749
1469,267,40.686453,-73.923429
1470,664,40.624016,-74.003577
1471,616,40.66812,-73.951387
1472,1350,40.605154,-73.980016
1473,1543,40.704636,-73.917699
1474,2302,40.808695,-73.921887
1475,195,40.743361,-73.920375
1476,1933,40.696211,-73.942037
1477,1092,40.8470757475,-73.920312742
1478,11,40.681497,-73.92876700000001
1479,655,40.669743,-73.987444
1480,548,40.720828999999995,-73.846588
1481,790,40.776813,-73.98294
1482,163,40.651084999999995,-73.94451600000001
1483,575,40.607093,-73.962682
1484,1840,40.798511,-73.949251
1485,658,40.7491,-73.890536
1486,1595,40.735656,-73.993859
1487,361,40.7650294566,-73.77172668989999
1488,145,40.651983,-73.92926
1489,434,40.697817,-73.964178
1490,9890,40.674831,-73.736713
1491,114,40.727392,-74.005517
1492,1014,40.66552,-73.90968000000001
1493,0,40.753417,-73.93231
1494,759,40.705892,-74.007181
1495,727,40.707029,-73.93974399999999
1496,1676,40.816410999999995,-73.907896
1497,1857,40.620518,-73.95541999999999
1498,439,40.613240000000005,-74.033313
1499,566,40.740327,-73.98624699999999
1500,1392,40.874411,-73.902573
1501,425,40.815601,-73.93975400000001
1502,1200,40.700243,-73.94781400000001
1503,1658,40.849404,-73.933658
1504,539,40.862235,-73.89872199999999
1505,1508,40.59057,-74.09772199999999
1506,1363,40.671172999999996,-73.988046
1507,1104,40.691601,-73.86545699999999
1508,346,40.675137,-73.948613
1509,8,40.73382,-73.871538
1510,229,40.855053000000005,-73.929528
1511,1639,40.677376,-73.968952
1512,0,40.71014,-73.819621
1513,612,40.689991,-73.98664000000001
1514,1173,40.810085,-73.923102
1515,1239,40.595698,-73.97518000000001
1516,71,40.822665,-73.85336600000001
1517,208,40.685264000000004,-73.982639
1518,580,40.7471832906,-73.883865754
1519,1474,40.736456,-73.877187
1520,1067,40.641518,-74.076923
1521,2448,40.575241,-73.997232
1522,651,40.742616999999996,-73.996709
1523,1247,40.712579999999996,-73.88088499999999
1524,598,40.691190999999996,-73.991656
1525,1381,40.639416,-73.987562
1526,416,40.824321000000005,-73.891911
1527,1035,40.749769,-73.88417199999999
1528,1362,40.75939,-73.800335
1529,1351,40.613986,-74.000461
1530,2907,40.5955076981,-73.99289920609999
1531,1802,40.8487,-73.854949
1532,292,40.786657,-73.975751
1533,480,40.691319,-73.78742700000001
1534,372,40.713684,-74.010713
1535,555,40.661207,-73.986412
1536,627,40.727517999999996,-73.86402
1537,1677,40.602996999999995,-73.75318299999999
1538,2308,40.818422999999996,-73.91871400000001
1539,667,40.7091483368,-73.95909361310001
1540,714,40.8142961288,-73.9210456192
1541,1116,40.823446999999994,-73.948925
1542,2341,40.648732,-73.949361
1543,1534,40.831194,-73.894773
1544,391,40.749534066399995,-73.86257496350001
1545,842,40.724435,-73.981521
1546,451,40.762681,-73.993268
1547,1172,40.694619,-73.861812
1548,474,40.780822,-73.976855
1549,822,40.860224,-73.907207
1550,787,40.85,-73.913966
1551,571,40.764648,-73.81085300000001
1552,1338,40.813503000000004,-73.899277
1553,718,40.660709999999995,-73.908457
1554,2422,40.760284000000006,-73.907313
1555,228,40.80083,-73.937926
1556,412,40.747189127199995,-73.9426348364
1557,1137,40.635639000000005,-73.947937
1558,0,40.744355,-73.996229
1559,1019,40.645223,-73.952567
1560,279,40.731651,-73.982197
1561,738,40.844656,-73.906137
1562,1906,40.590902,-74.067183
1563,711,40.741064,-73.99412099999999
1564,553,40.806351,-73.921196
1565,2321,40.596319,-73.979288
1566,1,40.621790999999995,-73.92716999999999
1567,1127,40.688666,-73.948775
1568,2015,40.5902813179,-73.9726828056
1569,54,40.86185,-73.90176
1570,1117,40.8470757475,-73.920312742
1571,2078,40.845688,-73.831376
1572,772,40.793399,-73.946951
1573,1343,40.866184000000004,-73.863487
1574,646,40.769193,-73.959313
1575,246,40.795171,-73.933413
1576,517,40.830084,-73.825681
1577,2035,40.618312,-73.991027
1578,943,40.701343,-73.982314
1579,531,40.619003,-73.990325
1580,167,40.648944,-73.97657199999999
1581,734,40.755388,-73.886927
1582,143,40.755052,-73.82815500000001
1583,1281,40.663492,-73.95094300000001
1584,190,40.574725,-74.001908
1585,497,40.739177000000005,-73.918363
1586,1198,40.678286,-73.921686
1587,3,40.654111,-73.930627
1588,1087,40.692118,-73.930876
1589,1585,40.668838,-73.86719000000001
1590,884,40.885826,-73.909941
1591,743,40.707316999999996,-74.004271
1592,0,40.860878,-73.89219200000001
1593,120,40.764119,-73.82714200000001
1594,0,40.761183,-73.963776
1595,7,40.665875,-73.931415
1596,579,40.7559122054,-73.9125062097
1597,713,40.5734790939,-73.9797135013
1598,534,40.773159,-73.98221099999999
1599,1750,40.871725,-73.88329399999999
1600,243,40.853017,-73.935379
1601,237,40.650343,-73.955807
1602,23,40.6429332294,-73.9788266117
1603,1045,40.743551000000004,-73.855705
1604,1517,40.666696,-73.94203
1605,840,40.676834,-73.900165
1606,1856,40.832144,-73.914748
1607,1892,40.814665000000005,-73.91883100000001
1608,1254,40.723582,-73.84862
1609,2217,40.703661,-73.88510699999999
1610,1232,40.8359,-73.890458
1611,1212,40.7684807344,-73.7497974949
1612,157,40.652346,-73.92725899999999
1613,136,40.747564000000004,-73.88280400000001
1614,1321,40.820403000000006,-73.898912
1615,428,40.767402000000004,-73.9623
1616,1422,40.84778,-73.934871
1617,2541,40.757931,-73.85837099999999
1618,69,40.77608,-73.953066
1619,85,40.685478,-73.97849599999999
1620,2709,40.758689000000004,-73.824832
1621,9,40.673612,-73.930654
1622,1206,40.715603,-73.986938
1623,543,40.579018,-73.964843
1624,799,40.7137446957,-73.9940914135
1625,178,40.787113,-73.945024
1626,166,40.779149,-73.954739
1627,0,40.749534066399995,-73.86257496350001
1628,1277,40.695362,-73.915142
1629,2028,40.815069,-73.856656
1630,836,40.854136,-73.90969799999999
1631,1724,40.650102000000004,-73.949508
1632,153,40.6838417185,-73.9682348557
1633,584,40.878586999999996,-73.843938
1634,1157,40.763664,-73.920716
1635,418,40.7157621893,-73.9963782661
1636,2378,40.691037,-73.728899
1637,2443,40.748983,-73.891503
1638,1406,40.814239,-73.959336
1639,537,40.816466521799995,-73.9161911011
1640,288,40.687387,-73.932947
1641,107,40.863116999999995,-73.862445
1642,707,40.736259999999994,-73.994248
1643,58,40.842531,-73.938675
1644,1166,40.680991999999996,-73.943986
1645,662,40.758798,-73.965676
1646,479,40.615331,-73.928816
1647,1365,40.766793,-73.921196
1648,514,40.778905,-73.947908
1649,564,40.679966,-73.968046
1650,550,40.837921907399995,-73.8347783155
1651,425,40.7091483368,-73.95909361310001
1652,812,40.801007,-73.93934899999999
1653,106,40.6826896874,-73.9617526864
1654,1744,40.740619,-73.75898199999999
1655,948,40.807843,-73.955569
1656,1703,40.711306,-73.85629499999999
1657,485,40.849458,-73.93650699999999
1658,699,40.572787,-73.99853900000001
1659,182,40.792699,-73.967128
1660,221,40.807672,-73.91951800000001
1661,1292,40.69321,-73.935484
1662,693,40.597407000000004,-73.98540200000001
1663,424,40.821157,-73.912366
1664,348,40.618076,-73.99126899999999
1665,451,40.744026,-73.858501
1666,1187,40.728159999999995,-73.992878
1667,2423,40.748888,-73.89256800000001
1668,155,40.656153,-73.908172
1669,599,40.833977000000004,-73.941234
1670,1047,40.862235,-73.89872199999999
1671,857,40.733847999999995,-73.871578
1672,1899,40.845799,-73.93631500000001
1673,2052,40.679389582,-73.86317378439999
1674,344,40.646399,-74.00537299999999
1675,42,40.664331,-73.99040500000001
1676,637,40.67641,-73.846773
1677,544,40.780822,-73.976855
1678,2276,40.679528999999995,-73.92885600000001
1679,1958,40.905811,-73.90440799999999
1680,541,40.765257,-73.959868
1681,359,40.680728,-73.845158
1682,336,40.612476,-73.990081
1683,678,40.668673,-73.942273
1684,1870,40.586015,-73.96629
1685,247,40.713266,-73.983237
1686,2350,40.710808,-73.943784
1687,102,40.761897,-73.92524499999999
1688,73,40.730666,-73.86380799999999
1689,6,40.82548,-73.927312
1690,385,40.749534066399995,-73.86257496350001
1691,673,40.707957,-73.939899
1692,1811,40.791703000000005,-73.968357
1693,1055,40.8726278729,-73.8782446281
1694,115,40.633959000000004,-73.948468
1695,299,40.666053000000005,-73.863392
1696,2749,40.629996999999996,-74.02539499999999
1697,1795,40.873847999999995,-73.855368
1698,564,40.682663,-73.963018
1699,213,40.680431243600005,-73.9555202559
1700,2211,40.772863,-73.91470799999999
1701,99,40.616525,-73.944264
1702,1403,40.831827000000004,-73.906607
1703,1603,40.66492,-73.941959
1704,667,40.743509,-73.929076
1705,9004,40.699075661500004,-73.9188415178
1706,1131,40.795706,-73.943738
1707,1611,40.7434408505,-73.9211981558
1708,1858,40.602996999999995,-73.75318299999999
1709,0,40.753392,-73.932354
1710,120,40.6826896874,-73.9617526864
1711,1539,40.652701,-74.004743
1712,1192,40.675084000000005,-73.809585
1713,318,40.719867,-73.843946
1714,2710,40.837524,-73.8548
1715,519,40.672678000000005,-73.976744
1716,850,40.816951,-73.957365
1717,2254,40.601617,-73.959779
1718,0,40.749534066399995,-73.86257496350001
1719,630,40.667739000000005,-73.942361
1720,1723,40.622341,-73.955743
1721,343,40.688334999999995,-73.930144
1722,1044,40.867052,-73.92080899999999
1723,1530,40.6512283486,-73.9525197275
1724,57,40.774403,-73.98469200000001
1725,201,40.872551,-73.875374
1726,134,40.7439817936,-73.9256688609
1727,1728,40.727892,-73.978525
1728,1056,40.874243,-73.879341
1729,93,40.689858,-73.97900600000001
1730,514,40.71445,-74.011475
1731,1807,40.670957,-73.957877
1732,536,40.677467,-73.97340799999999
1733,449,40.668655,-73.917613
1734,1994,40.832144,-73.914748
1735,1512,40.789646999999995,-73.952407
1736,1479,40.81027,-73.957482
1737,757,40.698155,-73.921219
1738,1726,40.860428999999996,-73.927892
1739,804,40.757784,-73.829252
1740,452,40.713684,-74.010713
1741,378,40.625667,-74.153727
1742,542,40.746666,-74.001758
1743,356,40.794568,-73.96629
1744,643,40.603018,-74.008189
1745,362,40.755522,-73.932056
1746,111,40.6052118476,-73.9803871478
1747,1653,40.734243,-73.99089599999999
1748,469,40.784946999999995,-73.97454599999999
1749,784,40.819333,-73.851267
1750,1397,40.76764,-73.88080500000001
1751,853,40.653227,-73.838414
1752,169,40.707808,-74.013053
1753,1633,40.79525,-73.933601
1754,79,40.884343,-73.840254
1755,1064,40.8230237483,-73.9380494481
1756,993,40.846973,-73.935457
1757,6,40.864676,-73.824303
1758,1808,40.699331,-73.959475
1759,498,40.744842999999996,-73.887129
1760,754,40.8487839587,-73.9178311337
1761,1652,40.765878,-73.988823
1762,368,40.821363,-73.912258
1763,613,40.831178,-73.942075
1764,0,40.775841,-73.91106500000001
1765,1374,40.678468,-73.914111
1766,2232,40.762774,-73.92015699999999
1767,477,40.69056,-73.991962
1768,588,40.726366999999996,-73.894614
1769,1110,40.704636,-73.917699
1770,3425,40.784612,-73.97726899999999
1771,1190,40.846227,-73.89849
1772,2034,40.726615,-74.005617
1773,475,40.669775,-73.910186
1774,2327,40.647197,-73.89517099999999
1775,2421,40.799704,-73.96251600000001
1776,798,40.776858000000004,-73.94930699999999
1777,94,40.714296000000004,-73.954989
1778,758,40.815773371300004,-73.9179477596
1779,68,40.696197,-73.745867
1780,1357,40.834265,-73.940995
1781,1010,40.830589,-73.887587
1782,1012,40.583715000000005,-73.94529200000001
1783,25,40.6429332294,-73.9788266117
1784,376,40.5857263711,-73.8172902913
1785,292,40.643843,-74.011646
1786,1340,40.741818,-74.007401
1787,2346,40.577835,-74.102405
1788,307,40.808215000000004,-73.946502
1789,749,40.800256,-73.937558
1790,385,40.722699,-73.80093199999999
1791,393,40.744403999999996,-73.974962
1792,1977,40.635034999999995,-73.961077
1793,39,40.615735,-73.945258
1794,411,40.686901,-73.923519
1795,160,40.651663,-73.932158
1796,2358,40.65744,-73.91105300000001
1797,1848,40.828808,-73.82445899999999
1798,2359,40.619597999999996,-73.941156
1799,991,40.7557847548,-73.8832912889
1800,0,40.849214,-73.933796
1801,1144,40.593558,-73.960842
1802,1389,40.8776851813,-73.8851421041
1803,582,40.605261999999996,-73.980866
1804,405,40.683419,-73.97898
1805,70,40.881246000000004,-73.882944
1806,293,40.659912,-73.950556
1807,525,40.617196,-73.97793399999999
1808,559,40.6109,-73.984088
1809,591,40.762153000000005,-73.770285
1810,518,40.867979999999996,-73.920248
1811,549,40.812067,-73.942362
1812,716,40.6722725099,-73.7858179695
1813,538,40.693412,-73.794524
1814,2446,40.66131,-73.761881
1815,1100,40.701021999999995,-73.83211
1816,198,40.700764,-73.935974
1817,946,40.576971,-73.98174499999999
1818,61,40.732034000000006,-73.863105
1819,259,40.817383,-73.904698
1820,604,40.7091483368,-73.95909361310001
1821,979,40.7558799038,-73.8823887515
1822,2338,40.571496999999994,-74.11169699999999
1823,226,40.882867,-73.902
1824,195,40.598444,-73.960033
1825,215,40.737097,-73.984397
1826,79,40.803971999999995,-73.935604
1827,1526,40.838954,-73.936838
1828,1438,40.6809848586,-73.9534251346
1829,1478,40.676128999999996,-73.880337
1830,408,40.640586,-74.00783
1831,477,40.606369,-73.989235
1832,2025,40.594375,-73.95045
1833,133,40.716681,-73.901746
1834,992,40.655226,-73.961019
1835,954,40.630996,-73.996325
1836,20,40.633353,-73.964566
1837,1504,40.829531940100004,-73.8744715228
1838,100,40.66267,-73.908202
1839,398,40.669198,-73.86470899999999
1840,1376,40.85993,-73.843075
1841,570,40.623348,-74.028138
1842,1935,40.688318,-74.001125
1843,332,40.767804999999996,-73.773168
1844,453,40.794049,-73.96664399999999
1845,354,40.71983,-73.994253
1846,1130,40.771307,-73.95343100000001
1847,1252,40.6785952588,-73.9165157887
1848,2325,40.843205,-73.830291
1849,1337,40.755763,-73.883353
1850,1203,40.743142999999996,-73.918503
1851,1009,40.667456,-73.894747
1852,262,40.8623611107,-73.8971666671
1853,102,40.757498999999996,-73.908898
1854,1821,40.823664,-73.908956
1855,1767,40.698724,-73.8379
1856,254,40.636617,-73.990452
1857,1854,40.655781,-73.944
1858,67,40.809774,-73.880379
1859,593,40.71445,-74.011475
1860,28,40.832646000000004,-73.94218199999999
1861,332,40.600411633200004,-73.9413565262
1862,2164,40.8158361201,-73.9254729994
1863,50,40.706749,-73.831796
1864,0,40.689269,-73.985973
1865,373,40.65128,-73.93979499999999
1866,109,40.675754173899996,-73.9633825828
1867,2017,40.7091483368,-73.95909361310001
1868,1217,40.771414,-73.983201
1869,471,40.674265000000005,-73.975615
1870,1076,40.794264,-73.96870600000001
1871,855,40.794264,-73.96870600000001
1872,312,40.722705408,-73.9013623807
1873,1636,40.672462,-73.906552
1874,1667,40.8103504869,-73.9473054589
1875,325,40.599709999999995,-73.94834
1876,788,40.740089000000005,-73.989535
1877,86,40.69188,-73.779388
1878,1471,40.625105,-73.96202
1879,2452,40.750172,-73.880363
1880,1521,40.825025,-73.906143
1881,494,40.70254,-74.012562
1882,502,40.640431,-74.016175
1883,6990,40.745537,-73.923776
1884,367,40.68681887,-73.975700924
1885,2260,40.8049384066,-73.954999986
1886,437,40.7091483368,-73.95909361310001
1887,0,40.8050066697,-73.92316251689999
1888,525,40.748328,-73.982536
1889,1387,40.614451,-74.03224399999999
1890,1177,40.641938,-74.095967
1891,62,40.777978999999995,-73.951678
1892,413,40.733402000000005,-73.980905
1893,289,40.681931,-73.929304
1894,1402,40.830995,-73.90270500000001
1895,16,40.5740142835,-74.11690225529999
1896,1796,40.696733,-73.937337
1897,448,40.809672,-73.939872
1898,782,40.858511,-73.903099
1899,0,40.664608,-73.75878399999999
1900,1993,40.646471999999996,-74.015852
1901,9008,40.846299,-73.938407
1902,529,40.766189000000004,-73.77236500000001
1903,682,40.819741,-73.901482
1904,359,40.766285120700005,-73.772390247
1905,9998,40.835453,-73.869553
1906,189,40.6362793367,-74.0346645441
1907,333,40.662659000000005,-73.96208100000001
1908,1211,40.706755,-73.753827
1909,511,40.660905,-73.949492
1910,72,40.580596,-73.96642299999999
1911,113,40.727392,-74.005517
1912,1069,40.723113,-73.976442
1913,3040,40.744289,-73.996117
1914,235,40.706899,-73.953959
1915,764,40.635621,-74.135021
1916,2354,40.613304,-73.980525
1917,883,40.760144,-73.770032
1918,1836,40.578775,-73.836618
1919,1115,40.815432,-73.886778
1920,202,40.785733,-73.946003
1921,265,40.591133,-73.949833
1922,0,40.827515000000005,-73.949673
1923,498,40.704976,-73.902925
1924,737,40.821836,-73.95010699999999
1925,1161,40.782295,-73.97524399999999
1926,755,40.660441999999996,-73.92116999999999
1927,106,40.890778999999995,-73.858814
1928,1390,40.709556,-73.89882800000001
1929,49,40.620328,-73.941577
1930,1210,40.7656913077,-73.9546077423
1931,535,40.770179,-73.954254
1932,41,40.660628422600006,-73.9506135572
1933,1271,40.812647,-73.95679
1934,1974,40.619039,-73.93294
1935,2447,40.575475,-73.978376
1936,161,40.749383,-73.88785
1937,977,40.834198,-73.89015699999999
1938,578,40.661555,-73.986037
1939,325,40.76228,-73.77034300000001
1940,2219,40.701153999999995,-73.816183
1941,1606,40.6396992903,-74.0791405409
1942,499,40.71156,-74.00846899999999
1943,1986,40.850778000000005,-73.93786800000001
1944,583,40.636682,-74.011894
1945,139,40.711419,-73.82862800000001
1946,849,40.800111,-73.964958
1947,1228,40.654325,-73.952853
1948,2330,40.680087,-73.885655
1949,309,40.693891,-73.85225
1950,1442,40.675765999999996,-73.869469
1951,1784,40.643908,-73.958427
1952,221,40.793763,-73.945181
1953,230,40.882428000000004,-73.902301
1954,614,40.624340000000004,-74.139152
1955,546,40.648401,-73.978569
1956,1946,40.604151,-74.006587
1957,554,40.632356,-73.94714
1958,92,40.632996,-74.005682
1959,479,40.54438,-74.197897
1960,1276,40.641476000000004,-74.073976
1961,462,40.607401,-73.943057
1962,821,40.717613,-73.949626
1963,1032,40.70285,-73.918336
1964,978,40.8470757475,-73.920312742
1965,438,40.610225,-73.983822
1966,341,40.779328,-73.955205
1967,293,40.772473,-73.982421
1968,2022,40.651063,-73.944613
1969,1835,40.866434000000005,-73.92833399999999
1970,865,40.805841,-73.961751
1971,1928,40.832144,-73.914748
1972,402,40.668918,-73.93342700000001
1973,60,40.635940999999995,-74.00908000000001
1974,463,40.652187,-73.83812900000001
1975,0,40.599084999999995,-73.99677
1976,112,40.703585,-73.765838
1977,415,40.620722,-74.026894
1978,461,40.726114,-73.978075
1979,66,40.663231,-73.925535
1980,2233,40.776047,-73.91081899999999
1981,1174,40.840096,-73.91556899999999
1982,1806,40.7745413032,-73.9570965589
1983,233,40.817797,-73.922584
1984,2376,40.751765,-73.82033100000001
1985,545,40.71445,-74.011475
1986,1257,40.667198,-73.922499
1987,294,40.789482,-73.939749
1988,1708,40.699034000000005,-73.958945
1989,1018,40.741347,-73.903226
1990,934,40.861629,-73.891265
1991,1931,40.688318,-74.001125
1992,585,40.737732,-73.851904
1993,174,40.767584,-73.959242
1994,1183,40.844648,-73.882727
1995,1584,40.659878000000006,-73.987789
1996,633,40.755973,-73.881511
1997,1763,40.684173911900004,-73.7829645268
1998,505,40.7091483368,-73.95909361310001
1999,2027,40.706183,-73.808126
2000,1770,40.68405,-73.815834
2001,1151,40.798609,-73.953307
2002,852,40.671929,-73.843117
2003,1502,40.741911,-73.91968100000001
2004,1293,40.829531940100004,-73.8744715228
2005,47,40.690504,-73.930578
2006,566,40.692319,-73.989654
2007,370,40.750946,-73.873024
2008,1423,40.724478999999995,-73.777454
2009,581,40.6682017643,-73.95885197449999
2010,1066,40.777454,-73.978921
2011,8,40.7075516585,-73.9613344538
2012,1214,40.824113,-73.85955899999999
2013,1678,40.602996999999995,-73.75318299999999
2014,474,40.702166999999996,-73.855304
2015,2322,40.639418,-73.978914
2016,648,40.713539000000004,-73.98836999999999
2017,1661,40.848471999999994,-73.888561
2018,317,40.719699,-73.843491
2019,341,40.661232,-73.87956
2020,2277,40.743990000000004,-73.92573399999999
2021,231,40.7988833278,-73.9422110484
2022,105,40.658429999999996,-73.929076
2023,1997,40.682469,-73.909671
2024,28,40.707298,-73.835459
2025,903,40.693218,-73.756733
2026,1540,40.694633,-73.971165
2027,250,40.761252,-73.769834
2028,1832,40.729741,-73.818446
2029,688,40.5734790939,-73.9797135013
2030,429,40.682918326599996,-74.0031620479
2031,196,40.778862,-73.95101
2032,42,40.665903,-73.94251
2033,1167,40.871537,-73.87723100000001
2034,582,40.6644070454,-73.9426735888
2035,414,40.649042,-74.012289
2036,403,40.746970000000005,-74.006475
2037,1184,40.870133,-73.845578
2038,49,40.764107,-73.771253
2039,1208,40.765025,-73.991527
2040,1186,40.676668,-73.985258
2041,912,40.749682,-73.885009
2042,2202,40.662389000000005,-73.88058199999999
2043,1006,40.813503000000004,-73.857884
2044,1074,40.710881,-73.96016
2045,995,40.783012,-73.97471999999999
2046,1511,40.814358,-73.940659
2047,1231,40.679531,-73.87909499999999
2048,0,40.781909000000006,-73.914043
2049,1388,40.820963,-73.85803
2050,1412,40.735692,-73.999026
2051,520,40.671461,-73.984412
2052,299,40.8315344323,-73.8923369216
2053,355,40.685658000000004,-73.846773
2054,296,40.816016999999995,-73.887362
2055,563,40.779149,-73.954739
2056,186,40.665546,-73.953479
2057,235,40.715869,-73.986476
2058,394,40.731088,-73.981866
2059,2357,40.806649,-73.95000999999999
2060,478,40.799832249299996,-73.9407257501
2061,2456,40.692646999999994,-73.732164
2062,911,40.70552,-73.94464
2063,1600,40.608952,-73.97170600000001
2064,2334,40.590158,-73.97369499999999
2065,194,40.574725,-74.001908
2066,259,40.5799584832,-73.97425661390001
2067,2008,40.616141,-73.993214
2068,59,40.621790999999995,-73.92716999999999
2069,897,40.708645000000004,-74.01239
2070,997,40.844838,-73.845759
2071,30,40.596399,-73.984664
2072,2713,40.822604,-73.818247
2073,1487,40.7293,-73.99351300000001
2074,817,40.595653000000006,-74.062989
2075,56,40.895865,-73.89229399999999
2076,1300,40.793194,-73.942548
2077,1149,40.733847999999995,-73.871578
2078,1959,40.61853,-74.033088
2079,176,40.769088,-73.95814
2080,1196,40.637375,-73.928857
2081,24,40.6429332294,-73.9788266117
2082,0,40.689991,-73.98664000000001
2083,686,40.8811125817,-73.9089493787
2084,473,40.606696,-74.12094599999999
2085,1443,40.663672999999996,-73.893754
2086,74,40.712568,-73.784113
2087,1142,40.807681,-73.919493
2088,472,40.786646000000005,-73.975787
2089,575,40.826295,-73.946845
2090,192,40.746128000000006,-73.89010400000001
2091,597,40.668791999999996,-73.97998299999999
2092,1490,40.65364,-73.933114
2093,1169,40.680428000000006,-73.980491
2094,567,40.707344968,-73.89736707770001
2095,2018,40.602925,-74.00432099999999
2096,2355,40.605121999999994,-74.091758
2097,2424,40.775997,-73.910519
2098,926,40.634228,-73.91527099999999
2099,1803,40.628721,-73.980571
2100,442,40.823563,-73.94499300000001
2101,13,40.647890000000004,-74.08340600000001
2102,609,40.668087,-73.951084
2103,236,40.702982,-73.895329
2104,139,40.774136,-73.981193
2105,470,40.65027,-73.89097199999999
2106,1643,40.832144,-73.914748
2107,6,40.666405,-73.931342
2108,397,40.749534066399995,-73.86257496350001
2109,461,40.779905,-73.97698100000001
2110,2373,40.721540000000005,-73.986648
2111,796,40.7471832906,-73.883865754
2112,376,40.651977,-74.006862
2113,422,40.599918,-73.946474
2114,342,40.720515,-73.845726
2115,382,40.749534066399995,-73.86257496350001
2116,1896,40.733928000000006,-73.97758499999999
2117,2054,40.718875,-73.999253
2118,1398,40.847656,-73.93385500000001
2119,1061,40.83652,-73.885069
2120,2005,40.75452,-73.89533399999999
2121,927,40.6403819599,-73.9484666045
2122,311,40.64493,-74.010515
2123,189,40.796942,-73.968275
2124,96,40.687828,-73.981116
2125,1342,40.818417,-73.863011
2126,430,40.673276,-73.962879
2127,1141,40.8071170774,-73.9533874463
2128,246,40.876062,-73.907886
2129,724,40.8328456431,-73.9143527999
2130,1021,40.625239,-73.960766
2131,137,40.803389,-73.935102
2132,254,40.738935,-73.983087
2133,1545,40.700243,-73.94781400000001
2134,1094,40.67553,-73.974097
2135,863,40.79098,-73.97444899999999
2136,1955,40.68505,-73.96065899999999
2137,1188,40.854872,-73.903458
2138,191,40.680431243600005,-73.9555202559
2139,301,40.697901,-73.98054
2140,616,40.68886,-73.983734
2141,354,40.668425,-73.98474499999999
2142,1506,40.74367,-73.922999
2143,1834,40.756469,-73.767504
2144,1078,40.79495,-73.969702
2145,1516,40.866139000000004,-73.92558299999999
2146,53,40.857426308200004,-73.8470786833
2147,329,40.626866,-74.029659
2148,9001,40.699075661500004,-73.9188415178
2149,180,40.679246,-73.92866500000001
2150,1145,40.797582,-73.931095
2151,584,40.668673,-73.942273
2152,671,40.665159,-73.942604
2153,835,40.742549,-73.91770600000001
2154,698,40.652718,-73.88216
2155,381,40.691423,-73.95103399999999
2156,2274,40.630101,-73.966207
2157,366,40.68681887,-73.975700924
2158,141,40.713392,-73.982166
2159,1898,40.602996999999995,-73.75318299999999
2160,27,40.734842,-73.979692
2161,2324,40.791173,-73.96874
2162,9997,40.886032,-73.90985
2163,124,40.727540000000005,-74.007295
